FF,Publish,Photo Ready?,List on front page?,Gender,First Name,Last Name,Title,Company,Tagline,Order (front page),Order (speaker page),Type (default: speaker),Bio Ready?,Biography,timestamp,P Facebook,P Twitter,P LinkedIn
y,y,y,y,m,Bob,Abbott,General Partner,Norwest Venture Partners,"General Partner, Norwest Venture Partners",,,speaker,y,"Bob joined NVP in 1998 and is focused on a wide variety of investment categories including mobile, online advertising, infrastructure and systems. His current investments and board seats include Brand.net, ClariPhy, mBlox, Mozes and Zenverge. Robert was formerly a member of the board of directors of Covigo (acquired by Symbol Technologies), KACE (acquired by Dell), Occam Networks (acquired by Calix), Resonext Communications (acquired by RF Micro Devices) and SideStep (acquired by Kayak). He has also worked with such companies as Embark (acquired by Princeton Review), Escalate (acquired by GERS), mPower (acquired by Morningstar) and Quantum Effect Devices (acquired by PMC-Sierra).",,,,
y,y,y,y,m,Michael,Abbott,VP Engineering,Twitter,"VP Engineering, Twitter",,,speaker,y,"Mike Abbott (@mabb0tt) is Twitter's VP of engineering, where he manages the engineering teams that work on product, infrastructure and operations. Since joining Twitter, Abbott has grown the team from 60 to more than 300 engineers. He came to Twitter in 2010 from Palm, where he led the software development team that created HP/Palm’s next-generation webOS platform. Abbott was previously the general manager for .NET online services at Microsoft. Prior to that, he co-founded Passenger Inc. and founded Composite Software. He holds a bachelor’s degree from California Polytechnic State University, and has completed coursework toward a Ph.D. at the University of Washington.",,,@mabb0tt,
y,y,y,y,m,Craig,Barratt,President,Qualcomm Atheros,"President, Qualcomm Atheros",,,speaker,y,"Dr. Craig Barratt joined Qualcomm in May 2011 as president of Qualcomm Atheros, Inc. He served as president and chief executive officer of Atheros, and a director on the company’s board from 2003, leading the company through its 2004 IPO and growth to over $900M of revenue in 2010, culminating in its 2011 acquisition by Qualcomm. Dr. Barratt holds Ph.D. and master of science degrees in electrical engineering from Stanford University, as well as bachelor of electrical engineering and bachelor of science degrees from the University of Sydney in Australia. Dr. Barratt has been granted over 28 patents in a variety of wireless and related technologies and has co-authored a book, various technical publications and open source software.",,https://www.facebook.com/qualcomm,@qualcomm,
y,y,y,y,m,Santiago,Becerra,Co-Founder and CEO,MeLLmo,"Co-Founder and CEO, MeLLmo",,,speaker,y,"Santiago Becerra brings more than 20 years of experience in the software industry and product development to MeLLmo. A Harvard MBA and former Booz Allen & Hamilton management consultant, Santiago is a successful entrepreneur with a proven track record in the software industry. He founded Infommersion, creator of Xcelsius ®, in 2002, which was acquired by Business Objects in 2005.  Santiago also founded Graphical Information Inc., a software company that was acquired by Oracle Corporation in 1998. Both acquisitions resulted in the successful integrations of the products into the acquirers' business applications. With the launch of MeLLmo, Santiago's goal is to reinvent the way individuals access, process, and utilize information on mobile devices.",,,,
y,y,y,y,m,Bo ,Begole,Principal Scientist,"PARC, a Xerox company","Principal Scientist, PARC, a Xerox company",,,speaker,y,"Bo manages PARC's Ubiquitous Computing research area. Bo is an applied computer scientist working to create novel interactive systems. His ambition is to eliminate technology barriers between information and people by making systems that are smarter about what the user is trying to do. Bo holds several patents and has published dozens of papers in peer-reviewed venues, and is the author of Ubiquitous Computing for Business (FT Press, 2011). Currently, Bo serves as Technical Program co-Chair for the 2011 ACM conference on Human Factors in Computing Systems in Vancouver BC, May 7-11, 2011. Prior service includes General Chair of the 2008 conference on Computer-Supported Cooperative Work (CSCW 2008), Papers Chair (CHI 2007) and serving on the committees of several conferences.",,,@parcinc,http://www.linkedin.com/pub/bo-begole/0/657/299
y,y,y,y,m,Adam,Blum,CEO,Rhomobile,"CEO, Rhomobile",,,speaker,y,"Adam is the CEO of Rhomobile and has served as CTO, VP of Engineering and co-founder of several successful startups in the mobile and web services spaces. He has spoken at Interop in Las Vegas and at Ruby events all over the world. While spending millions of dollars at Good on enterprise mobile application development, Blum realized there was a need for a framework in which companies could build their mobile applications easily and empower their workforce without having to spend millions of dollars on mobile application development, training programmers to learn each different programming language, and then having to build the apps from scratch. Blum is also an adjunct professor at Carnegie Mellon University.
",,,@adamblum,http://www.linkedin.com/profile/view?id=1916021&authType=name&authToken=5Xb5&trk=tyah
y,y,y,y,m,Cole,Brodman,CMO and EVP,T-Mobile USA,"CMO and EVP, T-Mobile USA",,,speaker,y,"Cole Brodman is Chief Marketing Officer for T-Mobile USA. In his current role Mr. Brodman leads marketing and product management efforts for T-Mobile USA. He is responsible for setting the business strategy, overseeing development and driving operations for new products, services, promotions and devices. Additionally, he coordinates with Deutsche Telekom, the parent company for T-Mobile USA, on global service and device initiatives. He has spent the majority of his years with the company driving the Product Development team, which was responsible for the mobile device lifecycle. He was later promoted to Chief Technology and Innovations Officer. In this role, he was responsible for the evolution of T-Mobile’s network and technology platforms, including IT, Engineering Operations, Product Management and Business Development.",,,,
y,y,y,y,m,Stephen,Bye,CTO,Sprint,"CTO, Sprint",,,speaker,y,"Stephen Bye, CTO / vice president of Technology Development & Strategy, is responsible for driving Sprint's technology strategy, architecture and global standards; innovation center and labs; emerging business and service model development. Bye has more than 18 years of engineering, operations, product development, business planning and marketing experience with telecom and wireless service providers. Prior to joining Sprint in the spring of 2011, Bye was vice president of Wireless Services at Cox Communications. He has also held executive positions with AT&T, inCode Wireless, BellSouth International, Optus Communications and Telstra. Bye is a Chartered Engineer, Senior Member of the IEEE and a Fellow of the Institution of Engineering and Technology.",,,,
y,y,y,y,m, Danilo,Campos,Mobile Dude ,Hipmunk,"Mobile Dude, Hipmunk",5,,speaker,y,"Danilo is the original mobile developer at Hipmunk and the only iOS developer. He spends his days prototyping, designing, and coding satisfying solutions to on-the-go travel problems. Prior to Hipmunk, Danilo quit a corporate job during the height of the financial crisis to focus on his obsession for building great iPhone apps.",,,@_danilo,
y,y,y,y,m,Jonathan,Carson,"GM, Digital",Nielsen,"GM, Digital, Nielsen",,,speaker,y,"Jonathan Carson is General Manager of Digital at Nielsen, a leading global provider of information and analytics around what consumers watch and what they buy. Previously, he was President of International for Nielsen Online, managing operations in 30 markets. Jonathan first came to Nielsen in 2007 when BuzzMetrics, the social media measurement company he co-founded and led as CEO, was acquired by Nielsen.",,,,http://www.linkedin.com/in/jonathancarson
y,y,y,y,f,Laura,Chambers,Senior Director of PayPal Mobile,PayPal,"Senior Director of PayPal Mobile, PayPal",3,,speaker,y,"Laura Chambers is senior director of PayPal Mobile with overall responsibilities focused on “mobilizing PayPal” and bringing outstanding PayPal applications and features onto the mobile platform. Chambers leads the design and development of PayPal mobile, ensuring excellent end-to-end mobile experiences for all PayPal customers. She also directs the development of mobile Web technologies and helps to develop and communicate PayPal strategy and financial plans across the organization. Throughout her five year career at PayPal and eBay, Chambers has held numerous strategic roles in PayPal, Marketplaces, Skype and eBay Inc. Chambers headed PayPal’s funding mix product team and was a member of the strategy team, where she developed new product ideas and led several strategy projects for merchant services.",,,,
y,y,y,y,m,Nathan,Clevenger,Chief Software Architect,ITR Mobility,"Chief Software Architect, ITR Mobility",,,speaker,y,"With more than a decade of experience, Nathan Clevenger is an expert in the design and execution of enterprise mobility strategy and solutions. As chief software architect at ITR Mobility, Clevenger works with Fortune 500 enterprises to help realize his personal vision of ""mobile apps in the hands of every worker."" He is the author of ""iPad in the Enterprise"" from Wiley, the enterprise editor for iPhone Life magazine, and a featured speaker at mobile and IT conferences, where he shares his passion for capturing the unrealized potential for mobile technology within the enterprise.",,, @n_clevenger,http://www.linkedin.com/in/nathanclevenger
y,y,y,y,m,Tom,Conrad,CTO and EVP of Product,Pandora,"CTO and EVP of Product, Pandora",1,,speaker,y,"Tom Conrad leads Pandora’s product organization, including product management, user interface design, software development and, network operations. Tom has led numerous engineering and product design teams across several applications. Before joining Pandora, Tom was VP of Engineering at Kenamea and was responsible for the design and development of an award-winning messaging system. Tom previously was the Technical Director for the video game, ""You Don't Know Jack."" Past experience includes positions at Berkeley Systems, Relevance Technologies, Documentum, Pets.com, and Apple Computer. He holds three U.S. patents and a B.S. in Computer Engineering from the University of Michigan. Tom holds both technology and music close to his heart. He likes to say the only instrument he plays well is his stereo.",,,@tconrad,
y,y,y,y,m,Paul,Cousineau,VP Mobile Products,Walmart Global eCommerce,"VP Mobile Products, Walmart Global eCommerce",6,,speaker,y,"Paul is the Vice President of Mobile Product for Walmart's Global eCommerce group. He is responsible for developing mobile software products across mobile web, apps, and tablets for Walmart's businesses around the world. Prior to joining Walmart, Paul had a long career with Palm and Handspring, where he most recently led the Software Product Management team that launched the webOS operating system. A native of Canada, Paul earned his BS in Material Engineering from Queen’s University.",,,,http://www.linkedin.com/pub/paul-cousineau/0/11a/815
y,y,y,y,m,Steve,Douty,"VP, Applications and Mobile Product Management",Yahoo!,"VP, Applications and Mobile Product Management, Yahoo!",10,,speaker,y,,,,,
y,y,y,y,m,Nathan,Eagle,CEO,txteagle,"CEO, txteagle",9,,speaker,y,"Nathan Eagle serves as the CEO of txteagle Inc. txteagle enables global organizations to conduct large-scale surveys and engagement campaigns in emerging markets via the mobile phone. Through partnerships with over 220 mobile operators in almost 100 countries, txteagle has the unique ability to not only communicate with, but compensate, 2.1 billion people with mobile airtime. Nathan also holds dual Adjunct Professor appointments at the MIT Media Laboratory and Harvard University. His PhD from the MIT Media Laboratory on Reality Mining was declared one of the '10 technologies most likely to change the way we live' by the MIT Technology Review. In 2009, he was elected to the TR35, a group of the top innovators under 35. ",,,,
,y,y,y,m,Bob,Egan,Managing Director,MGI Research and Analyst GigaOM Pro,"Managing Director, MGI Research and Analyst GigaOM Pro",,,speaker,,,,,,
y,y,y,y,m,JP,Finnell‎,"Senior Director, Enterprise Mobility, SAP America","and Analyst, GigaOM Pro","Senior Director, Enterprise Mobility, SAP America and Analyst, GigaOM Pro",,,speaker,y,"JP Finnell is Senior Director, Enterprise Mobility at SAP America, Inc. and founder of Mobile Monday Mid-Atlantic, one of 100 chapters in the world’s leading mobile community. His research on collaboration and enterprise mobility is published by GigaOM Pro and he currently serves as the Enterprise Mobility Track Chair for Mobilize 2011. Previously, JP consulted to enterprise, technology, and carrier clients as Managing Partner of Mobility Partners and as General Manager of Mobility Professional Services at Nokia. He was a Fellow in Coro's New York Leadership Center, and a Fellow at the Lauder Institute of Management & International Studies, University of Pennsylvania, where he received an MA. He holds an MBA from the Wharton School.",1280196225,,@JPFinnell,http://www.linkedin.com/in/jpfinnell
y,y,y,y,m,Bill‎‎,Geiser ,CEO,Meta Watch,"CEO, Meta Watch",,,speaker,y,"Bill Geiser is the CEO for Meta Watch Ltd. Meta Watch is a design and technology development company focused on reinventing the watch as a glanceable display for mobile devices and mobile-oriented web services. Meta Watch was recently formed through an acquisition of Fossil Inc.’s connected watch business, where Geiser served as the VP of Watch Technology. Geiser began focusing on wrist-based applications in 1994 when he founded Strokz Digital Sports, a company that developed watches for competitive swimmers and triathletes. Since then, Geiser has focused on wireless / connected watches functioning as glanceable displays for enhancing the mobile user experience",,http://www.facebook.com/profile.php?id=500020193,@billg,http://www.linkedin.com/profile/view?id=27684&trk=tab_pro
y,y,y,y,m,Shlomi,Gian,General Manager of Mobile Service,Cotendo ,"General Manager of Mobile Service, Cotendo ",,,speaker,y,"Shlomi Gian serves as General Manager of the Mobile Acceleration business for Cotendo, the fast-growing provider of cloud-based acceleration services for traditional and mobile websites and applications. In leadership positions since the beginning of the mobile performance and testing solutions industry, Gian spearheaded Cotendo's entrée into mobile content acceleration, the largest expansion since the global company's inception. This built on Gian's success bringing to market software solutions for companies like DeviceAnywhere and Keynote Systems. Gian is vocal about the opportunities and challenges of the mobile Internet industry: ""Investors are pouring money into mobile innovation, but most without a clear monetization strategy. The good news is that just as caching revolutionized DSL, a clever approach to mobile content acceleration stands to recast this industry for profitability.""",,,@cotendo,http://www.linkedin.com/in/shlomigian
y,y,y,y,m,Tom,Gillis,VP and GM Security Technology Business Unit,Cisco,"VP and GM Security Technology Business Unit, Cisco",,,speaker,y,"Tom Gillis is a respected authority on how to secure the Web 2.0 world and a recognized visionary on how the Mobile Internet will change the nature of work. As Vice President and General Manager of Cisco’s Security Technology Business Unit, Gillis is responsible for positioning Cisco as the leader in security for a new era. The author of the book “Security for the Web 2.0 World,” he has evangelized the idea of the distributed workforce. Before Cisco, Gillis was co-founder of IronPort Systems. Under his leadership, IronPort grew about 100 percent a year for seven years. He served as SVP, Marketing when it was acquired by Cisco as part of a one billion dollar investment in its security business.",,,,
y,y,y,y,m,Chuck,Goldman,Founder and Chief Strategy Officer,Apperian,"Founder and Chief Strategy Officer, Apperian",,,speaker,y,"Chuck founded Apperian in 2009 and leads Apperian's strategic initiatives and business development for the company. Chuck spent eight years as a Director at Apple, Inc where he helped integrate Apple technologies into Apple's largest education and enterprise customer infrastructures. Chuck led Apple's iPhone Enterprise Beta Program program and helped Apple's earliest adopters leverage iOS to empower a mobile workforce since the day it launched. Chuck was also founder and CEO of Interactive Media Solutions, the leading provider of next-generation online recruiting tools for colleges and universities. At IMS, Chuck created America's first ""virtual open house"" where students, faculty, and staff communicated in real-time and conducted virtual online leader-led campus tours.",,www.facebook.com/Apperian,@ChuckyG,http://www.linkedin.com/pub/chuck-goldman/0/166/a0b
y,y,,y,m,Brad,Greene,Senior Business Leader,Visa,"Senior Business Leader, Visa",,,speaker,y,"Brad Greene is a Senior Business Leader for Visa, responsible for the company’s business development efforts in the mobile industry as it rolls out its global strategy to bring mobile payments and financial services to consumers in both developed and emerging markets. Before joining Visa, Brad was global head of business development for the GSMA, the mobile industry association representing over 800 mobile operators worldwide.  Prior to that, he was a corporate development executive for BellSouth, responsible for M&A deals and strategic equity investments.  Before joining BellSouth, Brad was an investment professional with Summit Partners, focusing on growth-stage investments in technology companies.  Brad has served on several private-company boards, including a solutions provider for mobile web developers, a semiconductor design firm focused on mobile communications, and a manufacturer of consumer plastic products.  Brad holds an MBA from Emory University and a BS degree from Georgia Tech. Outside of his professional activities, he travels widely, is an avid mountain biker and enjoys living in the San Francisco Bay area with his wife and nine-year-old daughter.",,,,
y,y,y,y,m,Quentin,Hardy,Deputy Tech Editor,The New York Times,"Deputy Tech Editor, The New York Times",,,speaker,y," Quentin Hardy is Deputy Technology Editor of The New York Times, specializing in enterprise technology. He previously worked at Forbes Magazine and The Wall Street Journal. ",,,,
y,y,y,y,m,Jeff,Haynie,CEO and Co-Founder,Appcelerator,"CEO and Co-Founder, Appcelerator",,,speaker,y,"Jeff Haynie is Co-founder and CEO of Appcelerator. Jeff is a long-time serial entrepreneur, technologist and blogger. Previously, Jeff was Co-founder and CTO of Vocalocity, a software provider in the communications arena and before that, CTO of eHatchery, a digital incubator and off-shoot of Bill Gross’ idealab!. Jeff has worked on numerous standard committees such as IETF and W3C as well as core contributor to a number of important open source technologies such as JBoss and OpenVXI. Jeff served with distinction in the U.S. Navy. ",,,@jhaynie,
y,y,y,y,m,Ben,Hedrington,"Sr. Director, Mobile and Web Strategy - Emerging Platforms",Best Buy,"Sr. Director, Mobile and Web Strategy - Emerging Platforms, Best Buy",13,,speaker,y,"Ben Hedrington is the senior director of web strategy and mobile as part of Emerging Platforms at Best Buy Co. Inc. He leads the mobile product lines composed of Best Buy’s mobile web, apps and tablet experiences through this period of exponential growth and consumer adoption. Throughout his eight years at the company he continues to explore, discover and drive forward what is possible on the web in places where others could not yet see. His founding work and foresight of the push towards mobile made possible Best Buy's early involvement putting them in a leading position today for their mobile customers. Similar energy and vision led to his co-creation of Best Buy's highly acclaimed “Twelpforce” in the social space.",,http://facebook.com/benhedrington,@benhedrington,http://linkedin.com/in/benhedrington
y,y,y,y,m,Phil,Hendrix,Director,immr and Analyst GigaOM Pro,"Director, immr and Analyst GigaOM Pro",,,speaker,y,"Dr. Phil Hendrix is the Director of immr, a research and consulting firm he founded to help clients bring innovative new products and services to market. Phil helps clients uncover customer needs, optimize product/service features, achieve competitive differentiation and accelerate market acceptance. He is also an analyst in GigaOm Pro, focusing on mobile, location and m-commerce, in particular. Before founding immr, Phil was a partner with DiamondCluster (now PwC Advisory) and a principal with Mercer Management Consulting (now Oliver Wyman). Previously, he was a professor at Emory University and the University of Michigan, where he taught courses in research, buyer behavior and marketing strategy. Phil received his PhD in Marketing from the Graduate School of Business, University of Michigan.",1273609845,,@phil_hendrix,http://www.linkedin.com/in/philhendrix
y,y,y,y,m,John,Herrema,SVP Corporate Strategy,Good Technology,"SVP Corporate Strategy, Good Technology",,,speaker,y,"Herrema joined Visto Corporation, the parent company of Good Technology, in June 2003 as VP Business Development when Visto acquired ViAir Inc. Prior to joining Visto, Herrema co-founded ViAir in February 2000 where he also served as VP Business Development and helped drive ViAir's product and business strategy, including the formation of it’s initial distribution partnerships with carriers such as AT&T Wireless and Nextel Communications and infrastructure providers like Comverse Technology. Before founding ViAir, John was Business Development in Microsoft's Wireless Sales and Strategy Group. He joined Microsoft after helping launch Sprint PCS. Herrema has over 15 years of experience in the wireless industry and has been featured in articles in places like CNET, InfoWorld and mocoNews.",,http://www.facebook.com/pages/Good-Technology/239721912044,@Good_Technology,http://www.linkedin.com/profile/view?id=336403
y,y,y,y,m,Stephen,Herrod,CTO,VMware,"CTO, VMware",,,speaker,y,"Steve Herrod is the Chief Technology Officer at VMware. As CTO, Steve helps drive the company’s technology strategy and works with the engineering teams towards continued delivery of innovative products. Steve helps drive these advances directly and via members of the Office of the CTO. He provides particular leadership around technology collaborations between VMware engineering and the company's partners and customers. He was named CTO of the Year by InfoWorld in 2009 and sits on the EMC Technical Advisory Board. Steve holds a Ph.D. and a Master’s degree in Computer Science from Stanford University, and a Bachelor of Arts from the University of Texas at Austin.",,,,
y,y,y,y,f,Stacey,Higginbotham,Senior Writer,GigaOM,"Senior Writer, GigaOM",,,speaker,y,"Stacey Higginbotham is happy when immersed in SEC filings, tech specs or poking through a data center. She has spent the last ten years covering technology and finance for publications such as The Deal, the Austin Business Journal, The Bond Buyer and BusinessWeek, and works remotely from Austin, Texas.",,,,
,y,y,y,m,Brian,Hinman,VP of Intellectual Property and Licensing,InterDigital,"VP of Intellectual Property and Licensing, InterDigital",,,speaker,y,"Brian Hinman has over 25 years experience in the field of intellectual property, holding various senior executive positions with Fortune 50 companies.  He has created and executed intellectual property strategies, negotiated hundreds of patent and technology licensing agreements, conducted patent divestitures and acquisitions, been involved in creation and spinoff of high-tech based startup entities, performed numerous IP-based valuations, and served as Chief Executive Officer of a very unique patent defensive entity.  Currently, Brian is Vice President of Intellectual Property and Licensing at InterDigital Communications, LLC.  Brian is formerly VP of Intellectual Property and Licensing at Verizon Communications Inc. and was the founding CEO of Allied Security Trust. Mr. Hinman held various senior executive positions at IBM, including VP of Intellectual Property and Licensing.",,,,
y,y,y,y,m,William,Hsu ,SVP and Chief Product Officer,AT&T Interactive,"SVP and Chief Product Officer, AT&T Interactive",7,,speaker,y,"William Hsu, Chief Product Officer at AT&T Interactive, is responsible for overall product strategy and performance across consumer, advertiser, and publisher products. Since joining AT&T Interactive, Mr. Hsu has been instrumental in leading the growth of the company’s publisher network, and has contributed to the overall product and ad strategy for its flagship mobile app, YPmobile and YP.com. Prior to AT&T Interactive, William founded BuildPoint - a leading B2B marketplace for commercial construction services- that was acquired in 2004. Will's product leadership also includes leading eBay’s local initiatives and product marketing & strategy at Spot Runner. William has degrees from Stanford University and The Wharton School at University of Pennsylvania. ",,,,
,,,,,Chris ,Hylen ,"VP and GM, Payment Solutions Division",Intuit,"VP and GM, Payment Solutions Division, Intuit",14,,speaker,,"Chris Hylen is Vice President and General Manager of the Payment Solutions Division at Intuit. He leads the company’s development of innovative payment solutions such as GoPayment. Hylen has more than 20 years of small business payments experience, which includes leading Intuit’s multiple payments solutions spanning across desktop, online and mobile platforms. Chris Hylen has focused the company’s energy and efforts to create mobile products for business owners to allow them to thrive in an ever shifting business climate. With the launch of their first mobile payment product, GoPayment, Intuit has provided their customers with the means to process payments wirelessly through any Internet enabled mobile phone and through select device applications. ",,,"@gopayment 
",http://www.linkedin.com/pub/chris-hylen/1/328/95
y,y,y,y,f,Maha,Ibrahim,General Partner,Canaan Partners,"General Partner, Canaan Partners",,,speaker,y,"Maha Ibrahim is a technology trend spotter with deep operational experience. She joined Canaan in March of 2000 and focuses on digital media, networking and wireless investments. Maha has won numerous industry awards and is frequently invited to speak at digital media conferences. Maha holds a B.A. in Economics and an M.A. in Organizational Behavior from Stanford University and a Ph.D. in Economics from MIT. She currently sits on the boards of 3Crowd, eBillme, SenSage , Virsto and Kabam. Maha is an active member of the MIT/Stanford Venture Lab. ",,,@mahaibrahim,
y,y,y,y,f,Efrat,Kasznik,President,Foresight Valuation Group,"President, Foresight Valuation Group",,,speaker,y,"Efrat is an Intellectual Property valuation and strategy expert, with over 15 years experience assisting companies with the management and commercialization of their IP portfolios, including some of the largest IP holders in the telecom industry. She teaches an IP Strategy class at the Stanford Graduate School of Business, and is a frequent speaker and author on IP valuation and strategy issues. Efrat is the founder of Foresight Valuation Group, a Silicon-Valley based IP and start-up advisory firm. Prior to Foresight, she was Director of the Intellectual Asset Management practice at LECG, a global consulting firm. Efrat has been involved as an entrepreneur with several start-ups, serving as CFO of a telecom start-up, and co-founder of a cleantech start-up.",,,@ForesightValue,http://www.linkedin.com/in/ekasznik
y,y,y,y,m,Chris,Kemmerer,"Director, Mobility Solutions",Verizon,"Director, Mobility Solutions, Verizon",,,speaker,y,"Chris is responsible for leading a team focused on the strategy, marketing and development of mobile solutions for Verizon’s enterprise, small/medium business and government customers. While at Verizon, Chris has focused on business communication solutions and has held leadership positions in operations, sales, engineering and marketing. Most recently, Chris led Verizon Wireless’ Unified Communications and Collaboration (UC&C) Product Marketing team where his organization focused on business transformation by extending UC&C services to mobile workers. Prior to joining Verizon, Chris led an organization focused on designing and delivering Advanced Communication Services, such as next-generation optical, wireless, and real-time communications solutions. Chris represents Verizon at various industry conferences and in publications on topics including mobility, security and UC&C.",,,,
y,y,y,y,m,Ryan,Kim,Staff Writer,GigaOM,"Staff Writer, GigaOM",,,speaker,y,"Ryan has covered personal technology and wireless for the San Francisco Chronicle before joining GigaOM. He is based in New York and covers a number of topics including mobile development, app economies and East Coast start-ups.",,,,
,y,y,y,m,Mike ,Kuniavsky,CEO,ThingM,"CEO, ThingM",,,speaker,y,"Mike Kuniavsky is a writer, designer, researcher and entrepreneur. His focus is the intersection of people and technology. His 2003 book, ""Observing the User Experience,"" has helped thousands of people understand the relationship between people and products, and it is used as a textbook by top universities around the world. His 2010 book, ""Smart Things: ubiquitous computing user experience design"" is a guide to the user-centered design of digital consumer electronics, appliances, and environments.  He has designed dozens of award-winning product experiences that are used by tens of thousands of people every day. He is a cofounder of ThingM, an electronic hardware design, development and manufacturing company, and was a founding partner of Adaptive Path, an influential San Francisco internet consultancy.",,,,
y,y,y,y,m,Scott,Kveton,CEO,Urban Airship,"CEO, Urban Airship",,,speaker,y,"Scott Kveton is the CEO of Urban Airship, a mobile services platform provider in Portland, Oregon. He is widely recognized as an expert on mobile app strategy and cloud infrastructure. He speaks frequently on app monetization, engagement and the developer ecosystems around the various mobile platforms. Under Kveton’s leadership, Urban Airship has added customers, employees and accolades at a rapid pace. The company powers some of the most successful brands in mobile, including ESPN, Tapulous, Groupon, dictionary.com, msnbc.com and Newsweek. As of June, the venture-backed start-up has delivered more than 4 billion push notifications across the iOS, Android and Blackberry platforms and enabled more than 4 million in-app mobile transactions.",,http://about.me/kveton,@kveton,http://www.linkedin.com/in/kveton
y,y,y,y,f,Laurie,Lamberth,"Founder and VP, Business Development",Lamberth & Associates,"Founder and VP, Business Development, Lamberth & Associates and Analyst, GigaOM Pro",,,speaker,y,"Laurie Lamberth brings proven success to her clients, drawing on her deep experience and relationships gained from launching a Tier 1 mobile operator and lining up strategic partnerships for numerous companies across the global wireless industry. A subject matter expert in the Internet of Things, Laurie combines her experience in machine-to-machine (M2M) communications, enterprise mobility, location-based services, digital media, marketing and strategy to help her clients bring cutting-edge technologies to market. Laurie presents at industry conferences and publishes articles and research papers, including authoring the column “Unplugged” in Connected World Magazine and contributing to GigaOM Pro.",,,@laurielamberth,www.linkedin.com/in/laurielamberth
y,y,y,y,m,Zephrin,Lasker,CEO and Co-Founder,Pontiflex,"CEO and Co-Founder, Pontiflex",,,speaker,y,"A serial entrepreneur, Zephrin successfully launched two start-ups prior to Pontiflex. He founded Pontiflex because he wanted to help people connect with companies they actually want to hear from. Zephrin oversees the development and execution of the Pontiflex AppLeads platform, which extends signup ad technology to the world of mobile apps. Zephrin is a frequent speaker at industry conferences and is a regular contributing blogger for Forbes. When not thinking about tech stuff, Zephrin disappears into the forests and rivers of Vermont.",,,,
y,y,y,y,m,Ilja ,Laurs,Founder and CEO,GetJar,"Founder and CEO, GetJar",,,speaker,y,"Ilja Laurs is the Founder and CEO of GetJar, world’s largest open app store. “European Manager of the Year 2011” by European Business Press, the association of the leading European business and financial publications, “25 European Tech Leaders” by Wall Street Journal, “Top 40 most influential people in mobile communications” by Informa Telecoms and Media, “10 Start-ups That Will Change Your Life” by TIME magazine and “Technology Pioneer 2011” by World Economic Forum are only a few of his numerous industry achievements. Since 2005, pioneering in the app store concept, GetJar serves 350,000 developers, from one-man shops to brands like Google, Microsoft and Facebook. As of August 2011, GetJar distributes 200,000 mobile applications and has served over 2 billion downloads.",,,,http://www.linkedin.com/in/laurs
y,y,y,y,m,Tim,Lee,Partner,"	
Sequoia Capital","Partner, 	
Sequoia Capital",,,speaker,y,"Tim is a Partner at Sequoia Capital who works with mobile, cloud and software companies. Prior to joining Sequoia Capital in 2009, Tim worked at Google where he managed European marketing and product launch strategy. While at Google, he also conceived the YouTube Symphony Orchestra. Earlier, Tim worked at McKinsey & Company in London and at microprocessor IP company, ARM, in Cambridge UK. Tim has a Masters in Electrical and Information Engineering from Cambridge University, and an MBA from Stanford University’s Graduate School of Business.",,,,http://www.linkedin.com/in/timothytclee
y,y,y,y,m,Brian ,Magierski,CEO and Co-Founder,Appconomy,"CEO and Co-Founder, Appconomy",11,,speaker,y,"As a 14-year seasoned entrepreneur, Brian has served large enterprises and businesses with application software and web services offerings. He is currently the co-founder, President & CEO of Appconomy, which produces and delivers mobile apps that power the economies of people, businesses and enterprises. Prior to Appconomy, he co-founded Moxie Software and iMark.com. He served as Executive Vice President of Corporate Development at Moxie and CEO at iMark.com. Moxie raised over $50 Million in funding and in less than 4 years grew to over $30 Million in revenue. iMark.com, a business-to-business surplus goods web trading marketplace, sold in March 2000 for $340 Million. He holds an MBA from Harvard Business School and a BS in Engineering from Cornell University.",,http://www.facebook.com/appconomy,@bmagierski,http://www.linkedin.com/in/magierski
y,y,y,y,m,Om,Malik,Founder,GigaOM,"Founder, GigaOM",,,speaker,y,"Om Malik has more than 15 years of experience as a journalist covering technology and business news. He was part of the founding team of Forbes.com as a Senior Editor. He then went on to become a senior writer at Red Herring during its glory days before joining Business 2.0 in March 2003, covering telecom, innovation and broadband stories. His contributions have been published in The Wall Street Journal, The Economist and MIT Technology Review. Additionally, Om is the author of “Broadbandits: Inside the $750 Billion Telecom Heist.” He is also the recipient of many industry awards, including Excellence in Journalism from the Society of Professional Journalists in 2001 and the Gold Award from American Society of Business Publication Editors in 2001.",,,,
y,y,y,y,m,Jonathan,Marino,Editor,"peHUB.com, Thomson Reuters","Editor, peHUB.com, Thomson Reuters",,,speaker,y,"Jonathan Marino is the editor of Thomson Reuters' peHUB.com, covering venture capital and private equity in New York and editing the daily peHUB Wire. Previously, he wrote for and edited M&A Journal and covered a range of topics with publications including the New York Times, Los Angeles Times and New York Post.",,,@JonMarino,http://www.linkedin.com/profile/view?id=79648922&trk=tab_pro
,y,,y,m,Ken,Miller,"Vice President, Strategic Risk Services",Intuit,"Vice President, Strategic Risk Services, Intuit",,,speaker,y,"Ken Miller is the vice president of strategic risk services at Intuit,  Inc. and a key senior staff member of the Intuit Payment Solutions division. In this role, he develops and manages the strategic risk architecture, and is a principal contributor to the overall payments strategy for Intuit's Small Business Group. Within payments, Miller heads the pricing management and strategy and leads the development, launch and management of funding capabilities and strategy. Previously, Miller was the CEO and co-founder of Anchor Intelligence, a start-up business built to optimize the performance of online advertising. As CEO, Miller was integral in completing multiple fundraising rounds with investors to establish a working capital for the company. Miller also served as the Vice President of Risk Management at PayPal, where he was responsible for setting the overall company risk management strategy, implementation of risk policy work and decisions, management of risk analytics efforts around fraud model development and maintenance, and administration of comprehensive loss reporting and forecasting efforts. Miller is a recognized risk expert and has a Series 5 investment license.",,,,
y,y,y,y,m,Matt,Murphy,Partner,KPCB,"Partner, KPCB",,,speaker,y,"Partner at Kleiner Perkins Caufield & Byers; he joined in 1999. He manages the iFund at KPCB, a collaborative initiative with Apple focused on funding and building defining applications on the iOS platform and the mobile internet. His expertise is in both mobile solutions and cloud infrastructure technology. Matt is either a Director or works closely with the management teams of Booyah!, GOGII, session M, Shazam, shopkick, WorkSmart Labs, RGB, Stoke, Aerohive Networks, Apperian, Egnyte, and Puppet Labs. Previously, Matt was a board observer at Google (from initial investment to IPO), led KP's investment in Autonavi and was a Director at Pelago (acquired by Groupon), Ocarina Networks (acquired by Dell), Dash Navigation (acquired by RIM), and Peakstream (acquired by Google). ",,,@mmurph,
y,y,y,y,m,Marc,Naddell,"VP, Partnering",NAVTEQ,"VP, Partnering, NAVTEQ",8,,speaker,y,"Marc has created industry leading business development programs that attract technology partners and application developers for Motorola, Nokia and NAVTEQ. He has managed consumer and enterprise device portfolios, and created system, solution and feature offerings for wireless devices and networks. He is an accomplished marketer with global experience, and an inventor with 20 patent awards related to both wireless and software based innovations. He has his MBA from the University of Chicago, and speaks several languages.",,,@chagall888,
y,y,y,y,m,Mok,Oh,Chief Scientist,PayPal ,"Chief Scientist, PayPal ",,,speaker,y,"As Chief Scientist, Mok Oh contributes to PayPal’s ongoing product innovation through the collection and analysis of a range of customer insights.  For well over a decade, he has been involved in researching and building technologies, products and businesses that help connect the offline and online worlds.  Mok comes to PayPal from WHERE, Inc., which was acquired by eBay, Inc. in April 2011.  As WHERE’s Chief Innovation Officer, Mok oversaw the development of the “Atlas Project,” which aims to better digitize the real (offline) world, better connecting it to the online world, and ultimately making the commerce ecosystem better as a result. Prior to WHERE, Mok founded, a data visualization company called Everyscape that generated revenue streams from various markets: travel, local search, mobile. He’s played a multitude of roles throughout his career ranging from including data architecture and product management to intellectual property strategies and business development. Prior to founding EveryScape, he worked for Accenture as an Information Systems Analyst. Mok holds a Ph.D. in Computer Graphics from MIT, a M.S. in Computer Science from University of Pennsylvania, and Computer Science, Art History and Studio Art degrees fromOberlin College. Mok is a seasoned speaker who has appeared at the MIT Lecture Series, Harvard School of Architecture, O’Reilly Where 2.0 Conference, Web 2.0 Summit, DEMO Conference (DEMOgod Winner).",,,@mok_oh,http://linkedin.com/in/mokoh
y,y,y,y,f,Julie,Palen,"SVP, Strategic Business Development and Mobile Device Management",Tangoe,"SVP, Strategic Business Dev and Mobile Device Management, Tangoe",12,,speaker,y,"Prior to its merger with Tangoe in 2008, Julie was president and CEO of InterNoded, Inc. With more than eighteen years’ experience in the technology industry and a decade of experience in wireless consulting, development and management, Julie lead an executive team that drove strategic partnerships with RIM, Nokia, Good, Microsoft, IBM, Cingular, Sprint and Verizon Wireless. In addition, she drove new business development opportunities with potential strategic partnerships with Fortune 500. Prior to founding InterNoded in 1993, Julie was a business systems analyst at Lotus Development Corporation. Julie has been honored as one of the leading women entrepreneurs in the world and was recognized as having one of the top 100 women-led businesses in Massachusetts.",,,@tangoe,http://www.linkedin.com/pub/julie-palen/1/1b/652
y,y,y,y,m,Jim,Parsons,"Managing Director, Sr. Relationship Manager",Silicon Valley Bank,"Managing Director, Sr. Relationship Manager, Silicon Valley Bank",,,speaker,y,"Jim Parsons is a Senior Relationship Manager and Managing Director for Silicon Valley Bank. He is responsible for managing the bank’s portfolio of software clients and for business development in the Western Division -- originating, structuring, and underwriting investments in growth stage technology companies, including the full suite of banking services. Prior to joining SVB, Parsons was Managing Director and Senior Vice President at Horizon Technology Finance, a specialty venture debt firm. He opened Horizon's Western Regional Office, and built an investment team and a portfolio of commercial loans to early and mid-stage technology companies. His business development work included establishing Horizon's presence in Silicon Valley, Southern California, Washington state, Colorado, and Texas. Previous to Horizon, Parsons served as Vice President at GATX Capital/GATX Ventures (where the Horizon team originated) for 13 years. He was responsible for business development in Silicon Valley, the Pacific Northwest, and Texas. Parsons' other experience at GATX includes financial analysis and structuring of various asset-backed loans, leases, and joint venture investments. Parsons earned a Masters in Business Administration from The University of Michigan, and a Bachelor of Science degree in engineering from the University of California, Berkeley.",,,,
y,y,y,y,m,Eli,Portnoy,CEO,ThinkNear,"CEO, ThinkNear",,,speaker,y,"Eli Portnoy is the founder and CEO of ThinkNear, a mobile marketing and yield management solution for local merchants. He was most recently a Senior Product Manager at Amazon where he helped develop, market and grow the Amazon Video On-Demand service. Eli was also the founder and CEO of HireWorkers and was named one of the Top Young Entrepreneurs by BusinessWeek, the 21st Coolest Young Entrepreneur by Inc. magazine, and a Top Entrepreneur Under 30 by NY Daily News. Eli earned a bachelor's degree in international relations and political science from the University of Pennsylvania, and an MBA from Harvard Business School.",,,@eportnoy,http://www.linkedin.com/in/eliportnoy
,y,,y,m,Josh,Quitnner,Editorial Director,Flipboard,"Editorial Director, Flipboard",,,speaker,,,,,,
y,y,y,y,m,Keith ,Rabois,COO,Square,"COO, Square",,,speaker,y,"Keith Rabois is Chief Operating Officer at Square where he oversees the company's business operations including marketing, communications, business development, distribution, human resources and risk management. Keith specializes in transforming early-stage startups into successful businesses and has deep expertise in the financial services industry and government affairs. An accomplished executive, entrepreneur and angel investor, Keith has held leadership roles at PayPal, LinkedIn, Slide and began his career practicing law at Sullivan & Cromwell. Keith was an early investor in several high-profile Internet companies including YouTube and currently serves on the board of directors of Yelp and Xoom. Keith holds a JD from Harvard Law School and an undergraduate degree in political science from Stanford University.",,,@rabois,
y,y,y,y,m,David,Rose,CEO,Vitality,"CEO, Vitality",,,speaker,y,"David Rose is a product designer, technology visionary, and serial entrepreneur. Currently David is Chief Executive Officer at Vitality, a company reinventing medication packaging with wireless technology. Rose founded and was CEO of Ambient Devices where he pioneered glanceable technology: embedding Internet information in everyday objects like light bulbs, mirrors, refrigerator doors, digital post-it notes, and umbrellas to make the physical environment an interface to digital information. In 1997 Rose patented online photo sharing and founded Opholio. He founded Interactive Factory, which creates interactive museum exhibits, educational software and smart toys, including the award-winning LEGO Mindstorms Robotic Invention System. Rose teaches a popular course on tangible user interfaces at the MIT Media Lab and blogs on connected health at www.roseology.com.",,https://www.facebook.com/davidlrose,@davidrose,http://www.linkedin.com/profile/view?id=14528&authType=name&authToken=SFTi
y,y,y,y,m,Olof,Schybergson ,CEO,Fjord,"CEO, Fjord",,,speaker,y,"Olof is one of the digital design industry’s top innovators, highly regarded by major players in the web, mobile and interactive spaces alike. In 2001, he was one of the founders of Fjord, aiming to create a company that would ‘define digital’ and lead the way in the growth of the digital space. In the decade since then, Olof’s leadership has kept Fjord at the forefront of digital design worldwide, continuing to set the pace in user-experience and digital service design. Olof is a well-respected trend spotter in the online and mobile environments, and Fjord's annual digital trend updates are well-known for insight, clarity and accuracy. He is much in demand as a conference speaker and workshop leader.",,,@olof_s,http://www.linkedin.com/in/olofschybergson
y,y,y,y,m,Chetan,Sharma,President,GigaOM Pro,"President, Chetan Sharma Consulting and Analyst, GigaOM Pro",,,speaker,y,"Chetan Sharma is President of Chetan Sharma Consulting and is one of the leading strategists in the mobile industry. Executives from wireless companies around the world seek his accurate predictions, independent insights, and actionable recommendations. He has served as an advisor to senior executive management of several Fortune 100 companies in the wireless space and is probably the only industry strategist who has advised each of the top 6 global mobile data operators. Some of his clients include NTT DoCoMo, Disney, KTF, China Mobile, Toyota, Comcast, Motorola, FedEx, Sony, Samsung, Alcatel Lucent, KDDI, Virgin Mobile, Sprint Nextel, Skype, AT&T Wireless, Reuters, Juniper, Qualcomm, Nissan, Amdocs, Comverse, Reliance Infocomm, SAP, Merrill Lynch, Microsoft, American Express, and Hewlett-Packard. ",,http://www.facebook.com/chetansharma,@chetansharma,http://www.linkedin.com/in/chetansharma
y,y,y,y,m,Jack,Sheridan,Partner,Wilson Sonsini Goodrich & Rosati,"Partner, Wilson Sonsini Goodrich & Rosati",,,speaker,y,"Jack Sheridan is a partner at Wilson Sonsini Goodrich & Rosati, where he has practiced corporate and securities law for more than 20 years. He serves as the leader of the firm's business law department and is also a certified public accountant in the state of California. Jack focuses on the corporate legal needs of public and private companies primarily in the technology, life sciences, and retail consumer sectors. He is currently involved in the representation of numerous public companies and more than 75 venture-backed private companies. In addition to addressing the corporate governance, intellectual property, and other day-to-day needs of these companies, Jack specializes in sophisticated corporate transactions including public offerings, mergers and acquisitions, and venture financing transactions.",,,,
y,y,y,y,m,Wim ,Sweldens ,"President, Wireless Division",Alcatel-Lucent,"President, Wireless Division, Alcatel-Lucent",,,speaker,y,"Wim is President of Alcatel-Lucent’s Wireless Division and has responsibility for the company's Radio Access Product lines, spanning 2G, 3G and 4G, including the award winning lightRadio ™ product portfolio. Previously, Wim was Vice President of Network Technology and Alcatel-Lucent Ventures within Bell Labs. In his role as VP of Network Technology, Wim led a cross company team which took the company’s Applications Enablement strategy from paper to practice. Prior to Alcatel-Lucent Ventures, Wim served as Vice President of Computing Sciences Research at Bell Labs as well as led Bell Labs China. ",,,@Alcatel_Lucent,
,y,,y,m,Kevin,Systrom,CEO,Instagram,"CEO, Instagram",,,speaker,y,"Kevin graduated from Stanford University in 2006 with a BS in Management Science & Engineering—he got his first taste of the startup world when he was an intern at Odeo that later became Twitter. He spent two years at Google—the first of which was working on Gmail, Google Reader, and other products and the latter where he worked on the Corporate Development team. Kevin has always had a passion for social products that enable people to communicate more easily, and combined with his passion for photography Instagram is a natural fit.",,,,
y,y,y,y,m,Dave,Talach,"VP, Global Product Management",VeriFone,"VP, Global Product Management, VeriFone",15,,speaker,y,"Dave joined VeriFone in 2004, with a specific focus on energizing VeriFone’s Wireless Product Line. Over that time his responsibility has expanded to include VeriFone’s Global Product Management Organization, Global Product Roadmap & Strategy. Under Talach's mangement, the Global Product Management team is responsible for defining, designing, and delivering customer centric solutions to the market; this includes creating and indentifying global payment trends in the 110+ countries VeriFone products are sold into. Before joining VeriFone, he was an early employee at Research In Motion, and witnessed first-hand the evolution of the BlackBerry smart-phone. His responsibility at that time included licensing wireless technology to Payment Providers. Mr. Talach is a Proud Canadian, who currently resides in San Francisco.",,,@dtalach,http://www.linkedin.com/in/davidtalach
,y,y,y,m,Iyad,Tarazi,"VP, Network Development",Sprint,"VP, Network Development, Sprint",,,speaker,y,"Iyad Tarazi, Vice President of Network Development & Engineering, is responsible for the development and integration of new products and technologies within Sprint’s wireless and wire line networks and for the engineering of the RF and core networks. He is also responsible for managing Sprint Nextel’s technology Integration labs. Iyad oversees an operating budget of $500M and a capital budget of approximately $1.5B. Iyad has been with Sprint Nextel since 1998. Iyad is an avid runner and for the past several years he has finished the Marine Corps Marathon in Washington DC in addition to many other races. While he appreciates golf and strives to get better, his golf game is best described as a work in progress.",,,,
y,y,y,y,m,Bob,Tinker,CEO,MobileIron,"CEO, MobileIron",,,speaker,y,"Before MobileIron, Bob led the Business Development team for Cisco’s wireless business units, a combined $1B business. As a member of the executive staff, he was responsible for driving long term revenue growth and expanding Cisco’s wireless initiatives to laptops and smartphones. Before Cisco, Bob was the first business executive at enterprise wireless pioneer Airespace, where he was Vice President of Business Development. Cisco acquired Airespace in 2005. Bob’s previous roles include Director of Marketing at Vertical Networks and Vice President at NationsBank, with oversight of IT, sales, product management, and operations. Bob has a BS in Systems Engineering from the University of Virginia and an MBA from Stanford.",,,,
y,y,y,y,m,Kevin,Tofel,Mobile Editor and Staff Writer,GigaOM,"Mobile Editor and Staff Writer, GigaOM",,,speaker,y,"Kevin Tofel has 15 years of hands-on I.T. experience at Fortune 100 companies and 5 years of writing, blogging and podcasting behind him. In 2005, he built a team of bloggers for AOL to cover the growing HDTV space. The small startup site eventually became the popular destination of EngadgetHD. Returning to his passion of mobile technology, Kevin joined jkOnTheRun in 2006, where he has blogged extensively about netbooks, notebooks, smartphones, cloud services and Ultra Mobile PCs. Outside of the web world, Kevin’s print writing has appeared in The New York Times, Smartphone & Pocket PC Magazine, PC Magazine and PC World.",,,,
y,y,y,y,m,Erick ,Tseng,Head of Mobile Products,Facebook,"Head of Mobile Products, Facebook",2,,speaker,y,"Erick joined Facebook in May 2010 as the company’s Head of Mobile Products. Previously, he had worked at Google for 4 years, where he helped launch and grow Android as it's Lead Product Manager. Before joining Google, Erick was an Associate at McKinsey & Company, a management consulting firm. He has also held various product management and engineering positions at Microsoft, Yahoo!, and the MIT Media Lab. Erick received Bachelors and Masters degrees in Computer Science & Electrical Engineering from MIT, as well as an MBA from the Stanford Graduate School of Business, where he graduated with top honors as an Arjay Miller Scholar.",,,,
y,y,y,y,m,Timothy,Twerdahl,"VP, Product",WIMM Labs,"VP, Product, WIMM Labs",,,speaker,y,"Tim is a consumer electronics veteran, with a track record of delivering critically acclaimed and commercially successful products. At WIMM Labs, Tim leads the marketing, product management, and user experience teams. Tim joined WIMM Labs from Roku where he was Vice President in charge of marketing and product management. Prior to Roku, Tim led product management for Netflix's Internet TV initiative. Tim has also held senior product management and marketing positions at Motorola, Palm and Time Warner. Tim earned a master’s degree from the Kellogg School at Northwestern University and a bachelor's degree from Hamilton College. Tim holds fourteen patents for consumer electronics products. ",,,,
y,y,y,y,m,Ville,Vesterinen,Co-Founder and CEO,Grey Area,"Co-Founder and CEO, Grey Area",,,speaker,y,"Ville is the CEO and co-founder of Grey Area, the maker of Shadow Cities. Shadow Cities – a location based MMORPG for iOS – has became a category defining game tittle since it was released globally in 2011. New York Times' Seth Schiesel called Shadow Cities the most interesting, innovative, provocative and far-reaching video game in the world right now, on any system. Before Grey Area Ville co-founded ArcticStartup, the leading Nordic and Baltic tech media.",,,@vesterinen,http://fi.linkedin.com/in/villevesterinen
y,y,y,y,m,Tom,Wang,Head of Product,Formspring,"Head of Product, Formspring",,,speaker,y,"Tom Wang is an experienced consumer Internet product specialist. At Formspring, Tom shapes the company's product strategy as it grows its global audience of tens of millions of users. Most recently, Tom was working in Nokia's Social Experience group, following its acquisition of Plum. At Plum, Tom was VP of Product Management, responsible for user experience. Before that, Tom was VP of Product for Break. There, he lead the teams responsible for product, user interface, mobile, brand diversification, and syndication. Before that, Tom held a variety of product-focused roles, specializing in media, community and communication properties, including AOL and Internet pioneers Spinner and Organic Online. Tom received his bachelor’s degree from the University of Pennsylvania and Masters at Northwestern.",,,,
y,y,y,y,f,Karen,Webster,CEO,Market Platform Dynamics,"CEO, Market Platform Dynamics",,,speaker,y,"As the CEO of Market Platform Dynamics, Karen works extensively with the most innovative players in the financial services, mobile, B2B and technology sectors to identify, ignite and monetize innovation. As an entrepreneur, Karen has successfully developed and launched new ventures in the payments, media and social commerce sectors, all of which used disruptive business models to gain market advantage. This includes PYMNTS.com, the leading B2B platform focused on innovation in the payments sector. Karen also serves as a member of the board for several emerging companies. Karen is a frequent speaker and writes extensively on innovation. She served as an adjunct faculty member at her alma mater, Johns Hopkins University, where also holds a Master’s Degree in Marketing.",,http://www.facebook.com/#!/KLWebster,@karenmpd,http://www.linkedin.com/profile/edit?trk=hb_tab_pro_top
y,y,y,y,m,Sean,Whiteley,SVP,salesforce.com,"SVP, salesforce.com",,,speaker,y,"Sean Whiteley is a Senior Vice President at salesforce.com where he is responsible for salesforce.com’s small business strategy and products as well as product marketing for salesforce's mobile product lines. Sean also manages salesforce.com’s strategic partnerships with Facebook, Twitter, Google, and Apple. Prior to joining salesforce.com, Whiteley was an entrepreneur and co-founder of Kieden, a company acquired by salesforce.com in 2006.",,,,
y,y,y,y,m,Hjalmar,Winbladh,Founder,Rebtel,"Founder, Rebtel",4,,speaker,y,"Hjalmar is the founder of the world's second largest mobile VoIP service Rebtel. Prior to Rebtel, Hjalmar was a strategy consultant and entrepreneur-in-residence at Investor AB, providing counsel for investments in the mobile/fixed convergence arena. Before that he co-founded and spent seven years as CEO of mobile technology innovator Sendit AB, successfully taking the firm public before it was acquired by Microsoft for $150m. Hjalmar is also on the board of one of Europe's largest multimedia groups - Axel Springer with 12000 employees, €3bn turnover and several hundred media like Europe's largest magazine Bild. He is also Venture Partner at Creandum, one of the largest Nordic Venture Capital Firms and advisor to Europe's most successful private equity firm EQT. ",,http://sv-se.facebook.com/hjalmar.winbladh,@HjalmarWinbladh,http://www.linkedin.com/in/hjalmarw
y,y,y,y,m,Philippe,Winthrop ,Managing Director ,The Enterprise Mobility Foundation ,"Managing Director, The Enterprise Mobility Foundation ",,,speaker,y,"Philippe Winthrop is the Founder and Managing Director of The Enterprise Mobility Foundation, the organization behind The Enterprise Mobility Forum, the fastest growing content portal and social network exclusively dedicated to enterprise mobility. Philippe has spent his entire career researching emerging technologies and their impact on the corporate value chain. Philippe focuses his thought leadership on enterprise mobility management and the issues around deploying and securing individual and corporate liable devices and the corporate applications and data that reside on those devices.",,,@biz_mobility,
y,y,y,y,m,Michael,Wolf,VP Research,GigaOM Pro,"VP Research, GigaOM Pro",,,speaker,y,"Michael Wolf has spent more than 10 years as an industry analyst, starting at In-Stat and launching the company’s consumer networking and digital media research services, and more recently was the digital home practice director for ABI. He’s been a columnist for Network World and has written a book on home networking for consumers. At GigaOM Pro, he oversees overall research efforts and serves as curator for the Connected Consumer.’",,,,
y,y,y,y,m,Brian,Wong,CEO,kiip,"CEO, kiip",,,speaker,y,"Brian Wong is the founder of kiip (pronounced ""keep""), a mobile rewards network, backed by True Ventures. He was an early Bachelors of Commerce graduate from the University of British Columbia, graduating at the age of 18, after skipping four grades in elementary and high school. Kiip has raised over $4.4 million in funding to date and is redefining the advertising industry through a ""moments""-based value model, versus the traditional attention based screen estate model. Very recently, Kiip was listed by Forbes as one of the ""4 Hot Online Ad Companies to Put on Your Watch List"". Before starting kiip, Brian was responsible for key publisher and tech partnerships at the social news website Digg.com.
",,http://facebook.com/briantfwong,@brian_wong,http://www.linkedin.com/in/wongbrian
y,y,y,y,m,Neil ,Young,CEO and Co-Founder,ngmoco,"CEO and Co-Founder, ngmoco",,,speaker,y,"Neil Young is the CEO and Founder of ngmoco, creator and publisher of games exclusively for iPad, iPhone and iPod touch. Prior to founding ngmoco, Neil held various positions at Electronic Arts, most recently as the Group General Manager of the EA|Blueprint Studio group that included Maxis (creators of Spore™ & The Sims™) and EA’s collaborative partnership with Steven Spielberg. Neil joined Electronic Arts in 1997 as the General Manager of EA’s Origin Systems subsidiary, where he supervised the launch of the world's first Massively Multiplayer Online Role-Playing game, UltimaOnline™.",,,,
y,y,y,y,f,Keren,Zemer,VP Business Development,Appsfire,"VP Business Development, Appsfire",,,speaker,y,"Keren Zemer is VP Business Development at Appsfire, a leading provider of mobile applications discovery and promotion. She is responsible for nurturing partnerships with developers and publishers and for developing new business initiatives. Prior to joining Appsfire, Keren held a few positions at Nokia. In her recent role she was head of Business Development and Product Marketing for Emerging Devices unit and before she led the Global Marketing for the Operator Channel, focusing at Hutchison and TIM. Keren brings an expertise in consumer value creation in the world of mobile ecosystems. Keren holds an MBA from INSEAD business school, and Bachelors in Industrial Engineering and Management from the Technion, the Israel Institute of Technology.",,,,http://www.linkedin.com/pub/keren-zemer/3/40/488